experiment,exp_type,error,time
0,gpboost_incl,1.4556555606141344,269.325346946716
1,gpboost_incl,1.446122339830483,81.7191798686981
2,gpboost_incl,1.449751883197655,2799.55014395714
3,gpboost_incl,1.4556708649083188,53.3877911567688
4,gpboost_incl,1.566257231649725,209.826164007187
