experiment,exp_type,error,time
0,gpboost,1.4556555606141346,270.895559072495
1,gpboost,1.446122339830483,81.7985589504242
2,gpboost,1.449751883197655,2808.31888103485
3,gpboost,1.4556708649083188,45.427337884903
4,gpboost,1.566257231649725,204.170356035233
