experiment,exp_type,error,time
0,gpboost_excl,1.433511846709301,170.236732959747
1,gpboost_excl,1.427538542083755,2450.44434022903
2,gpboost_excl,1.446587752903446,41.0592310428619
3,gpboost_excl,1.4500517592424167,107.959827899933
4,gpboost_excl,1.4667367620790583,34.2023329734802
