experiment,exp_type,error,time
0,gpboost,0.8421230166240028,232.97095990181
1,gpboost,0.8705054840724189,218.874437093735
