experiment,exp_type,error,time
0,boost_cont,1.5261986778557914,0.771373987197876
1,boost_cont,1.5266667359350172,1.1187789440155
2,boost_cont,1.5248457668753461,0.734707832336426
3,boost_cont,1.5334707488833974,0.332473993301392
4,boost_cont,1.5542227652490055,0.907541990280151
