experiment,exp_type,error,time
0,linear,1.433067923366166,105.045687913895
1,linear,1.4275433360935021,101.933929920197
2,linear,1.4485265646483134,93.4313368797302
3,linear,1.4502481337631015,81.6224999427795
4,linear,1.4654131433845068,94.2965838909149
