experiment,exp_type,error,time
0,boost_cat,1.4249962817702324,6.28126001358032
1,boost_cat,1.4290560979603277,5.53514003753662
2,boost_cat,1.442649600719102,0.423879861831665
3,boost_cat,1.4480920095153549,5.29037094116211
4,boost_cat,1.4668956758177145,5.67983508110046
