experiment,exp_type,error,time
0,catboost,1.4493047782144284,33.5863580703735
1,catboost,1.4482623974595956,26.438187122345
2,catboost,1.4597722175010093,34.9197521209717
3,catboost,1.481356827302047,2.65365815162659
4,catboost,1.479171226778528,29.8988230228424
